SourceCategory;TargetCategory
4WD, ATV & Off-Road Tours;Off-Road Tours
Accommodation Package;Accommodation Package
Active Tours;Adventure Tours
Adrenaline & Extreme;Outdoor Activities
Adventure Tours;Adventure Tours
Aerobatic Flights;Air Tours
Air Tours;Air Tours
Airport & Ground Transfers;Transportation Service
Architecture Tours;Literary, Art & Music Tours
Attraction;Attraction
Attraction Tickets;Attraction
Audio Guided Tours;Guided Tours
Backpackers Tours;Backpackers Tours
Ballet;Concert & Show
Balloon Flights;Balloon Flights
Balloon Rides;Balloon Flights
Bar, Club & Pub Tours;Bar, Club & Pub Tours
Beer & Brewery Tours;Beer & Brewery Tours
Bike & Mountain Bike Tours;Bike Tours
Bike Rentals;Bike Tours
Boat Day Trips;Boat Tour
Boat Rental;Boat Tour
Brunch Cruises;Cruises
Bus & Minivan Tours;Bus Tours
Bus Tours;Bus Tours
Cabaret;Concert & Show
Catamaran Cruises;Cruises
Charter Boat;Boat Tour
Chocolate Tours;In-Door Activities
Christmas;Seasonal Events
City Bus Tours;City Tours
City Packages;City Tours
City Tours;City Tours
Climbing;Climbing
Coach Tours;Coach Tours
Coffee & Tea Tours;In-Door Activities
Concerts & Special Events;Concert & Show
Cooking Classes;In-Door Activities
Cruises;Cruises
Cultural Tours;Cultural Tours
Custom Private Tours;Private Tours
Cycling Tours;Bike Tours
Day Cruises;Day Tours
Day Tours;Day Tours
Day Trips;Day Tours
Dining Experiences;In-Door Activities
Dinner Cruises;Cruises
Dinner Packages;Food Tours
Dinner Theater;Food Tours
Diving;Diving
Dolphin & Whale Watching;Dolphin & Whale Watching
Eco Tours;Eco Tours
Eco-Tours;Eco-Tours
Escape Games;Outdoor Activities
Excursion;Excursion
Family Friendly Tours & Activities;Family Fun
Family Fun;Family Fun
Ferry Services;Transportation Service
Fishing Charters & Tours;Outdoor Activities
Flyboarding;Air Sport
Food Tours;Food Tours
Four Wheel Drive Tours;Off-Road Tours
Full-day Tours;Other
Ghost & Vampire Tours;Ghost Tours
Ghost Tours;Ghost Tours
Golf Tours & Tee Times;Sport
Guided Tours;Guided Tours
Half-day Tours;Other
Halloween;Seasonal Events
Helicopter Flights;Helicopter Tours
Helicopter Tours;Helicopter Tours
Hiking & Camping;Hiking & Camping
Hiking & Trekking;Hiking & Camping
Historic Tours;Historical & Heritage Tours
Historical & Heritage Tours;Historical & Heritage Tours
Hop-on Hop-off Tours;City Tours
Horse Riding;Horse Riding
Horseback Riding;Horse Riding
Jazz;Concert & Show
Jet Boats & Speed Boats;Boat Tour
Jetpacks;Air Sport
Kayaking;Kayaking & Canoeing
Kayaking & Canoeing;Kayaking & Canoeing
Lift Tickets;Ticket and Pass
Literary, Art & Music Tours;Literary, Art & Music Tours
Lunch Cruises;Cruises
Luxury;Luxury Tours
Luxury Car;Luxury Tours
Luxury Tours;Luxury Tours
Market Tours;City Tours
Mother's Day;Seasonal Events
Motorbike Tours;Motorbike Tours
Motorcycle Tours;Motorbike Tours
Mountain Biking;Bike Tours
Movie & TV Tours;In-Door Activities
Multi-day Tours;Other
Museum Tickets & Passes;Ticket and Pass
National Holidays;Seasonal Events
Nature & Wildlife;Adventure Tours
New Years;Seasonal Events
Night Cruises;Cruises
Night Tours;Night Tours
Nightlife;Night Tours
Opera;Show
Other;Other
Other Water Sports;Water Sports
Overnight Tours;Other
Photography Lessons;Photography Tours
Photography Tours;Photography Tours
Photography Tours;Photography Tours
Port Transfers;Port Transfers
Ports of Call Tours;Excursion
Pottery Classes;In-Door Activities
Private Day Trips;Private Tours
Private Sightseeing Tours;Sightseeing
Private Tours;Private Tours
Private Transfers;Private Transfers
Rafting;Water Sports
Rail Services;Transportation Service
Rail Tours;Rail Tours
Romantic Tours;Other
Running Tours;Outdoor Activities
Safaris;Adventure Tours
Sailing;Sailing Trips
Sailing Trips;Sailing Trips
Scenic Flights;Air Tours
Scenic Tours;Scenic Tours
Scuba Diving & Snorkeling;Diving
Seaplane Flights;Transportation Service
Seasonal Events;Seasonal Events
Segway Tours;Segway Tours
Segways;Segway Tours
Self-guided Tours & Rentals;Guided Tours
Shark Diving;Diving
Shopping Tours;City Tours
Shuttle;Transportation Service
Sightseeing;Sightseeing
Sightseeing & City Passes;Ticket and Pass
Ski & Snow;Sport
Skip-the-Line Tours;Ticket and Pass
Skydiving;Air Sport
Small Group Tours;Other
Snorkeling;Diving
Sporting Events & Packages;Ticket and Pass
Stand Up Paddleboarding;Stand Up Paddleboarding
Sunset Cruises;Cruises
Super Savers;Other
Surfing & Windsurfing;Water Sports
Surfing Lessons;Water Sports
Theater, Shows & Musicals;Concert & Show
Theme Park Tickets & Tours;Ticket and Pass
Thermal Spas & Hot Springs;In-Door Activities
Viator Exclusive Tours;Other
Viator VIP Tours;VIP Tours
Walking Tours;Walking Tours
Water Sports;Water Sports
Whale & Dolphin Watching;Dolphin & Whale Watching
White Water Rafting & Float Trips;Water Sports
Wildlife Tours;Adventure Tours
Wine Tasting;Winery Tours
Wine Tasting & Winery Tours;Wildlife Tours
Yoga Classes;Cultural Tours
Ziplines;Adventure Tours
Zoo Tickets & Passes;Ticket and Pass
